{
  "ReRoutes": [
    {
      "DownstreamPathTemplate": "/graphql",
      "DownstreamScheme": "https",
      "DownstreamHostAndPorts": [
        {
          "Host": "localhost",
          "Port": "44302"
        }
      ],
      "UpstreamPathTemplate": "/graphql",
      "AuthenticationOptions": {
        "AuthenticationProviderKey": "TestKey",
        "AllowedScopes": []
      }

    
    /*{
      "DownstreamPathTemplate": "/api/user/login",
      "DownstreamScheme": "https",
      "DownstreamHostAndPorts": [
        {
          "Host": "localhost",
          "Port": "44302"
        }
      ],
      "UpstreamPathTemplate": "/login"
*/
    }
   
  ],
  "GlobalConfiguration": {
    "BaseUrl": "https://localhost:44338/"
  }
}