{
  "ReRoutes": [
    {
      "DownstreamPathTemplate": "/ui/playground",
      "DownstreamScheme": "https",
      "DownstreamHostAndPorts": [
        {
          "Host": "localhost",
          "Port": "44302"
        }
      ],
      "UpstreamPathTemplate": "/ui/playground",
      "Key": "playground",
      "AuthenticationOptions": {
        "AuthenticationProviderKey": "TestKey",
        "AllowedScopes": []
      }
    }
    /*{
      "DownstreamPathTemplate": "/api/product/getProduct",
      "DownstreamScheme": "https",
      "DownstreamHostAndPorts": [
        {
          "Host": "localhost",
          "Port": "44300"
        }
      ],
      "UpstreamPathTemplate": "/getProduct",
      "Key": "Product"
    }*/
  ],
  "Aggregates": [
    {
      "ReRouteKeys": [
        "playground"

      ],
      "UpstreamPathTemplate": "/playground"
    }
  ],
  "GlobalConfiguration": {
    "BaseUrl": "https://localhost:44397/"
  }
}