{
  "ReRoutes": [
    //--------------------------------------------------------------------------------- ADMINISTRATIVO API
    {
      "UpstreamPathTemplate": "/api/login", //rota do gateway
      "Key": "login",
      "UpstreamHttpMethod": [ "Post" ],
      "DownstreamPathTemplate": "/api/login", //rota do service
      "DownstreamScheme": "http",
      "DownstreamHostAndPorts": [
        {
          "Host": "localhost",
          "Port": 9001
        }
      ]
    },

    {
      "DownstreamPathTemplate": "/api/Plant/{everything}",
      "DownstreamScheme": "http",
      "DownstreamHostAndPorts": [
        {
          "Host": "localhost",
          "Port": 9001
        }
      ],
      "UpstreamPathTemplate": "/api/Plant/{everything}",
      "UpstreamHttpMethod": [ "Get", "Post" ],
      "AuthenticationOptions": {
        "AuthenticationProviderKey": "D3nT4L15k3Y",
        "AllowedScopes": []
      }
    }
  ],
  "UpstreamPathTemplate": "/graphql",
  "DelegatingHandlers": [
    "GraphQlDelegatingHandler"
  ]
}