{"ReRoutes":[],"DynamicReRoutes":[],"Aggregates":[],"GlobalConfiguration":{"RequestIdKey":null,"ServiceDiscoveryProvider":{"Host":null,"Port":0,"Type":null,"Token":null,"ConfigurationKey":null,"PollingInterval":0},"RateLimitOptions":{"ClientIdHeader":"ClientId","QuotaExceededMessage":null,"RateLimitCounterPrefix":"ocelot","DisableRateLimitHeaders":false,"HttpStatusCode":429},"QoSOptions":{"ExceptionsAllowedBeforeBreaking":0,"DurationOfBreak":0,"TimeoutValue":0},"BaseUrl":null,"LoadBalancerOptions":{"Type":null,"Key":null,"Expiry":0},"DownstreamScheme":null,"HttpHandlerOptions":{"AllowAutoRedirect":false,"UseCookieContainer":false,"UseTracing":false,"UseProxy":true}}}